button_press_id,MP_Mannual review of button press footage,RiderId,TripNumber,EventType,clipfile,VideoFile,FrameMinutes,MilliSeconds,PassDistance,ButtonPress,VehicleType,Location,BikeLane,ParkedCar,Review,timestamp,latitude,longitude
1,correct,1,1,Pass,ButtonPressEvent_Duration10s_000001.mp4,Trip_1.2_GP020006.LRV,00:11:23,2796433,69.0,Yes,Truck,MidBlock,No,Yes,,,,
2,correct,5,3,Pass,ButtonPressEvent_Duration10s_000002.mp4,Trip_3.0_GOPR0023.LRV,00:16:05.760000,950632,51.5,Yes,Bus,MidBlock,Yes,No,,2017-04-23T23:28:52Z,-37.810144,144.969344
3,Correct,7,1,Pass,ButtonPressEvent_Duration10s_000003.mp4,Trip_1.0_GOPR0011.LRV,00:01:22.751000,74491,66.0,Yes,Sedan,MidBlock,Yes,Yes,,2017-04-26T07:44:54Z,-37.84851,144.980248
4,Correct,7,1,Pass,ButtonPressEvent_Duration10s_000004.mp4,Trip_1.0_GOPR0011.LRV,00:03:34.939000,206591,71.0,Yes,Sedan,MidBlock,No,No,,2017-04-26T07:47:07Z,-37.850776,144.985172
5,Correct,7,8,Pass,ButtonPressEvent_Duration10s_000005.mp4,Trip_8.3_GP030020.LRV,00:05:24.857000,3499711,75.0,Yes,Sedan,MidBlock,No,No,,2017-04-30T23:40:54Z,-37.81426,144.97148
6,Correct,7,1,Pass,ButtonPressEvent_Duration10s_000006.mp4,Trip_1.0_GOPR0011.LRV,00:07:58.414000,469891,76.0,Yes,Sedan,MidBlock,No,No,,2017-04-26T07:51:30Z,-37.853366,145.004554
7,Correct,7,2,Pass,ButtonPressEvent_Duration10s_000007.mp4,Trip_2.1_GP010013.LRV,00:05:13.822000,1365302,89.0,Yes,Other,MidBlock,No,No,,2017-04-26T23:09:27Z,-37.872653,145.100021
8,Correct,7,9,Pass,ButtonPressEvent_Duration10s_000008.mp4,Trip_9.3_GP030021.LRV,00:00:07.288000,3183123,100.0,Yes,Sedan,MidBlock,No,No,,,,
9,Correct,7,9,Pass,ButtonPressEvent_Duration10s_000009.mp4,Trip_9.3_GP030021.LRV,00:00:23.599000,3199423,100.0,Yes,Sedan,Intersection Related,No,No,,,,
10,correct,7,5,Pass,ButtonPressEvent_Duration10s_000010.mp4,Trip_5.0_GOPR0016.LRV,00:01:06.100000,59121,114.0,Yes,Sedan,MidBlock,No,No,,2017-04-27T09:38:23Z,-37.876642,145.149978
11,Correct,9,9,Pass,ButtonPressEvent_Duration10s_000011.mp4,Trip_9.3_GP030111.LRV,00:02:32.753000,3328931,32.5,Yes,Sedan,Intersection Related,No,No,,2017-05-11T22:26:11Z,-37.84478,144.978875
12,Correct,9,4,Pass,ButtonPressEvent_Duration10s_000012.mp4,Trip_4.2_GP020105.LRV,00:04:56.429000,2415286,58.5,Yes,Sedan,MidBlock,No,No,,2017-05-08T08:50:39Z,-37.80748,144.903107
13,Correct,9,5,Pass,ButtonPressEvent_Duration10s_000013.mp4,Trip_5.0_GOPR0106.LRV,00:14:31.877000,865430,83.5,Yes,4WD,MidBlock,No,No,,2017-05-08T22:20:37Z,-37.814442,144.89773
14,Correct,9,9,Pass,ButtonPressEvent_Duration10s_000014.mp4,Trip_9.0_GOPR0111.LRV,00:16:01.126000,952221,119.5,Yes,4WD,MidBlock,Yes,No,,2017-05-11T21:46:33Z,-37.808696,144.902563
15,Correct,9,5,Pass,ButtonPressEvent_Duration10s_000015.mp4,Trip_5.1_GP010106.LRV,00:02:12.593000,1188331,121.5,Yes,Sedan,MidBlock,No,No,,2017-05-08T22:25:59Z,-37.804552,144.904442
16,Correct,9,9,Pass,ButtonPressEvent_Duration10s_000016.mp4,Trip_9.0_GOPR0111.LRV,00:16:08.431000,959521,136.5,Yes,4WD,MidBlock,No,Yes,,2017-05-11T21:46:41Z,-37.808163,144.902804
17,Correct,10,1,Pass,ButtonPressEvent_Duration10s_000017.mp4,Trip_1.0_GOPR0034.LRV,00:07:57.940000,469841,71.0,Yes,Taxi,MidBlock,No,Yes,,2017-05-05T03:11:52Z,-37.835416,144.974892
18,correct,11,7,Pass,ButtonPressEvent_Duration10s_000018.mp4,Trip_7.1_GP012422.LRV,00:08:30.191000,1258146,81.0,Yes,Sedan,MidBlock,No,Yes,,2017-05-16T22:44:17Z,-37.741482,144.902673
19,correct,11,7,Pass,ButtonPressEvent_Duration10s_000019.mp4,Trip_7.1_GP012422.LRV,00:17:36.655000,1804246,87.0,Yes,Other,MidBlock,No,No,,2017-05-16T22:53:24Z,-37.718313,144.891924
20,correct,11,8,Pass,ButtonPressEvent_Duration10s_000020.mp4,Trip_8.1_GP012423.LRV,00:10:08.130000,1655943,89.0,Yes,4WD,MidBlock,No,No,,2017-05-17T07:52:55Z,-37.758197,144.941059
21,correct,11,7,Pass,ButtonPressEvent_Duration10s_000021.mp4,Trip_7.1_GP012422.LRV,00:16:49.623000,1757246,91.0,Yes,Sedan,MidBlock,No,No,,2017-05-16T22:52:37Z,-37.721512,144.891413
22,correct,11,7,Pass,ButtonPressEvent_Duration10s_000022.mp4,Trip_7.1_GP012422.LRV,00:17:08.536000,1776146,91.0,Yes,Other,MidBlock,No,No,,2017-05-16T22:52:56Z,-37.72027,144.891614
23,correct,11,8,Pass,ButtonPressEvent_Duration10s_000023.mp4,Trip_8.0_GOPR2423.LRV,00:09:03.187000,529724,94.0,Yes,Sedan,Intersection Related,No,No,,2017-05-17T07:34:08Z,-37.714728,144.897303
24,correct,11,7,Pass,ButtonPressEvent_Duration10s_000024.mp4,Trip_7.2_GP022422.LRV,00:03:00.951000,1990546,101.0,Yes,4WD,MidBlock,No,No,,2017-05-16T22:56:30Z,-37.710881,144.888442
25,correct,11,4,Pass,ButtonPressEvent_Duration10s_000025.mp4,Trip_4.1_GP012419.LRV,00:12:03.183000,1656533,108.0,Yes,Sedan,MidBlock,No,No,,2017-05-15T22:12:44Z,-37.725692,144.89066
26,correct,11,4,Pass,ButtonPressEvent_Duration10s_000026.mp4,Trip_4.1_GP012419.LRV,00:13:58.980000,1772252,111.0,Yes,Sedan,MidBlock,No,No,,2017-05-15T22:14:39Z,-37.718246,144.891935
27,correct,11,4,Pass,ButtonPressEvent_Duration10s_000027.mp4,Trip_4.0_GOPR2419.LRV,00:17:29.536000,921232,113.0,Yes,4WD,MidBlock,No,No,,2017-05-15T22:00:28Z,-37.754894,144.917238
28,correct,11,8,Pass,ButtonPressEvent_Duration10s_000028.mp4,Trip_8.1_GP012423.LRV,00:07:44.617000,1512643,113.0,Yes,Sedan,MidBlock,Yes,Yes,,2017-05-17T07:50:32Z,-37.756275,144.928214
29,correct,11,6,Pass,ButtonPressEvent_Duration10s_000029.mp4,Trip_6.0_GOPR2421.LRV,00:14:37.289000,850632,116.0,Yes,Sedan,MidBlock,Yes,Yes,,2017-05-16T09:02:50Z,-37.749031,144.913569
30,correct,11,4,Pass,ButtonPressEvent_Duration10s_000030.mp4,Trip_4.1_GP012419.LRV,00:13:03.743000,1717052,121.0,Yes,Truck,MidBlock,No,No,,2017-05-15T22:13:44Z,-37.721941,144.891345
31,correct,11,8,Pass,ButtonPressEvent_Duration10s_000031.mp4,Trip_8.1_GP012423.LRV,00:09:03.570000,1591543,122.0,Yes,Sedan,MidBlock,No,Yes,,2017-05-17T07:51:51Z,-37.757615,144.936209
32,correct,11,9,Pass,ButtonPressEvent_Duration10s_000032.mp4,Trip_9.2_GP022424.LRV,00:03:48.541000,2325233,123.0,Yes,Truck,MidBlock,No,No,,2017-05-17T22:31:10Z,-37.701617,144.881761
33,correct,11,4,Pass,ButtonPressEvent_Duration10s_000033.mp4,Trip_4.1_GP012419.LRV,00:13:45.971000,1759252,127.0,Yes,Sedan,MidBlock,No,No,,2017-05-15T22:14:27Z,-37.719033,144.891808
34,correct,11,3,Pass,ButtonPressEvent_Duration10s_000034.mp4,Trip_3.1_GP012418.LRV,00:08:50,1523752,128.0,Yes,Sedan,MidBlock,No,No,,2017-05-15T07:37:07Z,-37.757566,144.935799
35,correct,11,8,Pass,ButtonPressEvent_Duration10s_000035.mp4,Trip_8.1_GP012423.LRV,00:08:27.446000,1555443,143.0,Yes,Sedan,MidBlock,Yes,No,,2017-05-17T07:51:14Z,-37.756944,144.93294
36,correct,11,7,Pass,ButtonPressEvent_Duration10s_000036.mp4,Trip_7.1_GP012422.LRV,00:11:17.302000,1425146,166.0,Yes,Other,MidBlock,Yes,Yes,,2017-05-16T22:47:05Z,-37.736817,144.891076
37,correct,11,7,Pass,ButtonPressEvent_Duration10s_000037.mp4,Trip_7.2_GP022422.LRV,00:04:21.405000,2070946,169.0,Yes,Sedan,Intersection Related,No,No,,2017-05-16T22:57:51Z,-37.707395,144.885821
38,Correct,14,1,Pass,ButtonPressEvent_Duration10s_000038.mp4,Trip_1.1_GP010013.LRV,00:15:47.611000,1992633,92.5,Yes,4WD,MidBlock,Yes,No,,2017-05-31T05:20:48Z,-37.805649,144.896792
39,Correct,15,2,Pass,ButtonPressEvent_Duration10s_000039.mp4,Trip_2.3_GP032467.LRV,00:06:40.947000,3572552,84.5,Yes,4WD,MidBlock,Yes,Yes,,2017-06-07T07:02:37Z,-37.801284,144.89275
40,Correct,15,1,Pass,ButtonPressEvent_Duration10s_000040.mp4,Trip_1.2_GP022433.LRV,00:02:27.124000,2246533,108.5,Yes,4WD,MidBlock,Yes,Yes,,2017-06-06T07:57:59Z,-37.855611,144.86664
41,Correct,16,1,Pass,ButtonPressEvent_Duration10s_000041.mp4,Trip_1.1_GP010025.LRV,00:15:30.186000,1965616,73.0,Yes,Other,MidBlock,Yes,No,,2017-06-05T05:28:19Z,-37.927204,144.988298
42,Correct,16,2,Pass,ButtonPressEvent_Duration10s_000042.mp4,Trip_2.1_GP014696.LRV,00:05:12.170000,1357915,83.0,Yes,Sedan,Intersection Related,No,No,,2017-06-07T06:28:40Z,-37.899542,145.006359
43,Correct,16,1,Pass,ButtonPressEvent_Duration10s_000043.mp4,Trip_1.1_GP010025.LRV,00:06:02.176000,1397984,95.0,Yes,4WD,MidBlock,No,No,,2017-06-05T05:18:51Z,-37.89093,144.990304
44,Correct,16,1,Pass,ButtonPressEvent_Duration10s_000044.mp4,Trip_1.1_GP010025.LRV,00:08:42.483000,1558184,96.0,Yes,4WD,MidBlock,No,No,,2017-06-05T05:21:32Z,-37.900891,144.988977
45,Correct,16,2,Pass,ButtonPressEvent_Duration10s_000045.mp4,Trip_2.1_GP014696.LRV,00:15:44.910000,1989415,96.0,Yes,Other,MidBlock,No,No,,2017-06-07T06:39:12Z,-37.929417,145.031085
46,Correct,19,1,Pass,ButtonPressEvent_Duration10s_000046.mp4,Trip_1.1_GP012471.LRV,00:16:52.523000,2056832,53.0,Yes,Sedan,Intersection Related,No,No,,2017-06-09T07:42:56Z,-37.797655,144.970384
47,Correct,20,2,Pass,ButtonPressEvent_Duration10s_000047.mp4,Trip_2.1_GP010027.LRV,00:06:23.765000,1430431,45.0,Yes,Truck,MidBlock,Yes,No,,2017-06-14T21:34:42Z,-37.776932,144.929359
48,Correct,20,4,Pass,ButtonPressEvent_Duration10s_000048.mp4,Trip_4.1_GP010030.LRV,00:02:00.214000,1159551,55.0,Yes,Sedan,MidBlock,No,No,,2017-06-18T21:26:58Z,-37.764131,144.923515
49,Correct,20,4,Pass,ButtonPressEvent_Duration10s_000049.mp4,Trip_4.0_GOPR0030.LRV,00:16:34.189000,971251,83.0,Yes,4WD,MidBlock,No,No,,2017-06-18T21:23:49Z,-37.756839,144.915758
50,Correct,21,4,Pass,ButtonPressEvent_Duration10s_000050.mp4,Trip_4.2_GP024706.LRV,00:11:02.100000,2773088,69.0,Yes,Sedan,MidBlock,No,Yes,,2017-06-18T21:59:26Z,-37.869238,145.022437
51,Correct,21,3,Pass,ButtonPressEvent_Duration10s_000051.mp4,Trip_3.0_GOPR4704.LRV,00:11:07.417000,650483,77.0,Yes,Sedan,MidBlock,No,No,,2017-06-16T23:58:49Z,-37.877338,145.303269
52,Correct,21,4,Pass,ButtonPressEvent_Duration10s_000052.mp4,Trip_4.3_GP034706.LRV,00:03:33.119000,3386189,103.0,Yes,Sedan,Intersection Related,No,No,,2017-06-18T22:09:39Z,-37.860603,144.98421
53,Correct,21,5,Pass,ButtonPressEvent_Duration10s_000053.mp4,Trip_5.1_GP014707.LRV,00:14:12.363000,1903984,105.0,Yes,Sedan,MidBlock,No,No,,2017-06-19T08:09:51Z,-37.858207,144.980573
54,Correct,21,3,Pass,ButtonPressEvent_Duration10s_000054.mp4,Trip_3.1_GP014704.LRV,00:00:58.180000,1103183,122.0,Yes,Sedan,MidBlock,No,No,,2017-06-17T00:06:23Z,-37.878627,145.317077
55,Correct,21,3,Button,ButtonPressEvent_Duration10s_000055.mp4,Trip_3.2_GP024704.LRV,00:02:00.732000,2227014,123.0,Yes,Sedan,MidBlock,No,No,,2017-06-17T00:25:07Z,-37.873939,145.31614
56,Correct,22,3,Pass,ButtonPressEvent_Duration10s_000056.mp4,Trip_3.1_GP010012.LRV,00:03:45.689000,1274673,54.0,Yes,Taxi,MidBlock,Yes,No,,2017-06-20T08:33:49Z,-37.773733,144.927422
57,Correct,22,6,Pass,ButtonPressEvent_Duration10s_000057.mp4,Trip_6.0_GOPR0015.LRV,00:07:04.400000,408182,67.0,Yes,Taxi,Roundabout,No,No,,2017-06-21T21:23:57Z,-37.75723,144.919298
58,Correct,22,4,Button,ButtonPressEvent_Duration10s_000058.mp4,Trip_4.1_GP010013.LRV,00:04:01.277000,1282246,86.0,Yes,Sedan,MidBlock,Yes,Yes,,2017-06-20T21:29:47Z,-37.795115,144.949795
59,Correct,22,7,Pass,ButtonPressEvent_Duration10s_000059.mp4,Trip_7.1_.LRV,00:00:53.248000,1097440,97.0,Yes,Sedan,MidBlock,Yes,No,,2017-06-22T07:38:12Z,-37.785204,144.938324
60,Correct,23,4,Pass,ButtonPressEvent_Duration10s_000060.mp4,Trip_4.0_GOPR0005.LRV,00:08:51.380000,518412,53.5,Yes,4WD,MidBlock,No,No,,2017-06-26T22:28:40Z,-37.78083,145.03078
61,Correct,23,2,Pass,ButtonPressEvent_Duration10s_000061.mp4,Trip_2.0_GOPR0003.LRV,00:08:24.673000,498031,87.5,Yes,4WD,Intersection Related,No,No,,2017-06-19T22:34:23Z,-37.780498,145.032538
62,Correct,23,2,Pass,ButtonPressEvent_Duration10s_000062.mp4,Trip_2.1_GP010003.LRV,00:05:04.410000,1358969,146.5,Yes,Sedan,MidBlock,Yes,Yes,,2017-06-19T22:48:45Z,-37.802039,144.986867
63,Correct,24,1,Pass,ButtonPressEvent_Duration10s_000063.mp4,Trip_1.1_GP010015.LRV,00:15:44.416000,2006422,93.5,Yes,4WD,MidBlock,No,No,,2017-06-20T07:35:10Z,-37.902146,144.988739
64,Correct,24,1,Pass,ButtonPressEvent_Duration10s_000064.mp4,Trip_1.2_GP020015.LRV,00:08:36.410000,2640122,102.5,Yes,Sedan,MidBlock,No,No,,2017-06-20T07:45:44Z,-37.943916,145.001228
65,Correct,24,1,Pass,ButtonPressEvent_Duration10s_000065.mp4,Trip_1.2_GP020015.LRV,00:04:37.751000,2401622,106.5,Yes,4WD,MidBlock,No,No,,2017-06-20T07:41:46Z,-37.931097,144.992368
66,Correct,24,1,Pass,ButtonPressEvent_Duration10s_000066.mp4,Trip_1.2_GP020015.LRV,00:03:40.313000,2344222,107.5,Yes,4WD,Intersection Related,No,No,,2017-06-20T07:40:48Z,-37.927547,144.988838
67,Correct,24,1,Pass,ButtonPressEvent_Duration10s_000067.mp4,Trip_1.2_GP020015.LRV,00:09:14.836000,2678522,108.5,Yes,Bus,MidBlock,No,No,,2017-06-20T07:46:23Z,-37.946889,145.000782
68,Correct,24,1,Pass,ButtonPressEvent_Duration10s_000068.mp4,Trip_1.1_GP010015.LRV,00:15:12.671000,1974699,109.5,Yes,Other,MidBlock,No,No,,2017-06-20T07:34:39Z,-37.899818,144.989175
69,Correct,24,1,Pass,ButtonPressEvent_Duration10s_000069.mp4,Trip_1.1_GP010015.LRV,00:12:54.965000,1837084,114.5,Yes,Sedan,MidBlock,No,No,,2017-06-20T07:32:21Z,-37.892862,144.990464
70,Correct,24,1,Pass,ButtonPressEvent_Duration10s_000070.mp4,Trip_1.2_GP020015.LRV,00:04:43.355000,2407222,126.5,Yes,Sedan,MidBlock,No,No,,2017-06-20T07:41:51Z,-37.931404,144.99267
71,Correct,24,1,Pass,ButtonPressEvent_Duration10s_000071.mp4,Trip_1.1_GP010015.LRV,00:12:41.819000,1823947,146.5,Yes,4WD,MidBlock,No,No,,2017-06-20T07:32:08Z,-37.891856,144.990655
72,Correct,25,1,Pass,ButtonPressEvent_Duration10s_000072.mp4,Trip_1.1_GP010002.LRV,00:09:22.639000,1609830,83.5,Yes,Sedan,Intersection Related,No,No,,2017-06-20T08:37:47Z,-37.897613,144.989573
73,Correct,26,6,Pass,ButtonPressEvent_Duration10s_000073.mp4,Trip_6.0_GOPR0012.LRV,00:07:59.774000,472019,58.5,Yes,Other,MidBlock,No,No,,2017-06-28T20:58:43Z,-37.828063,145.115755
74,Correct,26,2,Pass,ButtonPressEvent_Duration10s_000074.mp4,Trip_2.0_GOPR0006.LRV,00:07:30.451000,442986,73.5,Yes,Other,MidBlock,No,No,,2017-06-21T20:56:59Z,-37.82831,145.117447
75,Correct,26,2,Pass,ButtonPressEvent_Duration10s_000075.mp4,Trip_2.0_GOPR0006.LRV,00:07:17.343000,429886,75.5,Yes,Other,Intersection Related,No,No,,2017-06-21T20:56:46Z,-37.828357,145.118249
76,Correct,26,6,Pass,ButtonPressEvent_Duration10s_000076.mp4,Trip_6.0_GOPR0012.LRV,00:10:02.867000,595030,77.5,Yes,Sedan,MidBlock,No,No,,2017-06-28T21:00:46Z,-37.827462,145.110679
77,Correct,26,6,Pass,ButtonPressEvent_Duration10s_000077.mp4,Trip_6.1_GP010012.LRV,00:00:45.172000,1099143,79.5,Yes,Sedan,MidBlock,No,No,,2017-06-28T21:09:10Z,-37.822031,145.067442
78,Correct,26,4,Pass,ButtonPressEvent_Duration10s_000078.mp4,Trip_4.0_GOPR0008.LRV,00:17:13.449000,1022088,85.5,Yes,Sedan,MidBlock,No,No,,2017-06-26T22:26:53Z,-37.824249,145.083079
79,Correct,26,4,Pass,ButtonPressEvent_Duration10s_000079.mp4,Trip_4.0_GOPR0008.LRV,00:16:53.405000,1002057,86.5,Yes,Sedan,MidBlock,No,No,,,,
80,Correct,26,2,Pass,ButtonPressEvent_Duration10s_000080.mp4,Trip_2.0_GOPR0006.LRV,00:07:13.740000,426286,95.5,Yes,Sedan,MidBlock,No,No,,2017-06-21T20:56:43Z,-37.828377,145.118426
81,Correct,26,6,Pass,ButtonPressEvent_Duration10s_000081.mp4,Trip_6.0_GOPR0012.LRV,00:06:25.611000,377919,98.5,Yes,Sedan,MidBlock,No,No,,2017-06-28T20:57:09Z,-37.828717,145.1216
82,Correct,26,2,Pass,ButtonPressEvent_Duration10s_000082.mp4,Trip_2.1_GP010006.LRV,00:16:25.121000,2038736,106.5,Yes,Taxi,MidBlock,No,No,,2017-06-21T21:23:36Z,-37.816803,144.987662
83,Correct,26,4,Pass,ButtonPressEvent_Duration10s_000083.mp4,Trip_4.1_GP010008.LRV,00:07:28.887000,1499351,110.5,Yes,4WD,MidBlock,No,No,,2017-06-26T22:34:36Z,-37.820165,145.048539
84,Correct,26,4,Pass,ButtonPressEvent_Duration10s_000084.mp4,Trip_4.0_GOPR0008.LRV,00:05:19.527000,308641,113.5,Yes,Truck,MidBlock,No,No,,2017-06-26T22:14:45Z,-37.830147,145.133639
85,Correct,26,2,Pass,ButtonPressEvent_Duration10s_000085.mp4,Trip_2.0_GOPR0006.LRV,00:03:48.937000,221619,114.5,Yes,Sedan,MidBlock,No,No,,2017-06-21T20:53:18Z,-37.829987,145.132623
86,Correct,26,3,Pass,ButtonPressEvent_Duration10s_000086.mp4,Trip_3.0_GOPR0007.LRV,00:06:10.626000,363314,126.5,Yes,Sedan,MidBlock,No,Yes,,2017-06-22T05:33:32Z,-37.815287,144.975765
87,Correct,31,7,Pass,ButtonPressEvent_Duration10s_000087.mp4,Trip_7.1_GP010049.LRV,00:00:56.568000,1106550,55.0,Yes,Sedan,MidBlock,No,No,,2017-06-29T22:19:36Z,-37.816081,145.048493
88,Correct,31,1,Pass,ButtonPressEvent_Duration10s_000088.mp4,Trip_1.0_GOPR0042.LRV,00:04:12.972000,244639,60.0,Yes,Sedan,MidBlock,No,No,,2017-06-26T08:20:52Z,-37.815339,145.042282
89,Correct,31,3,Button,ButtonPressEvent_Duration10s_000089.mp4,Trip_3.0_GOPR0045.LRV,00:14:21.659000,853150,88.0,Yes,Sedan,MidBlock,No,No,,2017-06-27T07:48:48Z,-37.819858,145.093203
90,Correct,33,6,Pass,ButtonPressEvent_Duration10s_000090.mp4,Trip_6.0_GOPR0013.LRV,00:13:19.489000,786415,79.0,Yes,4WD,MidBlock,No,No,,2017-07-04T22:00:02Z,-37.885479,144.998172
91,Correct,34,5,Pass,ButtonPressEvent_Duration10s_000091.mp4,Trip_5.0_GOPR3968.LRV,00:17:04.375000,1015928,140.0,Yes,Sedan,MidBlock,No,No,,2017-07-05T20:55:40Z,-37.777966,145.036798
92,Correct,38,7,Pass,ButtonPressEvent_Duration10s_000092.mp4,Trip_7.0_GOPR2128.LRV,00:10:48.557000,640720,73.5,Yes,4WD,MidBlock,No,No,,2017-07-07T06:11:01Z,-37.793242,145.161197
93,Correct,38,7,Pass,ButtonPressEvent_Duration10s_000093.mp4,Trip_7.0_GOPR2128.LRV,00:14:34.700000,866020,78.5,Yes,4WD,MidBlock,No,No,,2017-07-07T06:14:46Z,-37.782836,145.163058
94,Correct,38,1,Pass,ButtonPressEvent_Duration10s_000094.mp4,Trip_1.1_GP012121.LRV,00:08:39.664000,1573175,100.5,Yes,Sedan,MidBlock,No,No,,2017-07-04T06:51:35Z,-37.753469,145.14294
95,Correct,38,8,Pass,ButtonPressEvent_Duration10s_000095.mp4,Trip_8.1_GP012129.LRV,00:03:37.334000,1267879,100.5,Yes,4WD,MidBlock,Yes,No,,2017-07-09T20:52:42Z,-37.752811,145.136965
96,Correct,38,1,Pass,ButtonPressEvent_Duration10s_000096.mp4,Trip_1.0_GOPR2121.LRV,00:13:09.634000,781273,118.5,Yes,Sedan,MidBlock,No,No,,2017-07-04T06:38:23Z,-37.788712,145.161965
97,Correct,38,6,Pass,ButtonPressEvent_Duration10s_000097.mp4,Trip_6.1_GP012127.LRV,00:04:13.342000,1307131,137.5,Yes,Other,MidBlock,Yes,No,,2017-07-06T20:53:17Z,-37.753459,145.142842
98,Correct,41,2,Pass,ButtonPressEvent_Duration10s_000098.mp4,Trip_2.1_GP010041.LRV,00:08:23.900000,1552738,66.5,Yes,4WD,Intersection Related,No,No,,2017-07-11T22:13:06Z,-37.818945,144.954314
99,Correct,41,2,Pass,ButtonPressEvent_Duration10s_000099.mp4,Trip_2.0_GOPR0041.LRV,00:03:16.122000,184619,91.5,Yes,Sedan,MidBlock,No,No,,,,
100,Correct,42,1,Pass,ButtonPressEvent_Duration10s_000100.mp4,Trip_1.2_GP020019.LRV,00:15:17.650000,3031631,68.0,Yes,Sedan,MidBlock,No,No,,2017-07-10T08:17:43Z,-37.79308,145.063995
101,Correct,42,2,Pass,ButtonPressEvent_Duration10s_000101.mp4,Trip_2.1_GP010020.LRV,00:13:05.452000,1836831,75.0,Yes,Sedan,MidBlock,No,No,,2017-07-10T22:57:40Z,-37.806349,145.061458
102,Correct,42,1,Pass,ButtonPressEvent_Duration10s_000102.mp4,Trip_1.2_GP020019.LRV,00:15:21.953000,3035931,84.0,Yes,Sedan,MidBlock,No,No,,2017-07-10T08:17:48Z,-37.79277,145.06405
103,Correct,44,9,Button,ButtonPressEvent_Duration10s_000103.mp4,Trip_9.1_GP013978.LRV,00:02:01.248000,1173530,75.0,Yes,4WD,MidBlock,No,No,,2017-07-19T23:06:32Z,-37.799394,144.936445
104,Correct,44,9,Pass,ButtonPressEvent_Duration10s_000104.mp4,Trip_9.1_GP013978.LRV,00:05:51.402000,1403530,92.0,Yes,Sedan,MidBlock,Yes,Yes,,2017-07-19T23:10:22Z,-37.800857,144.948923
105,Correct,44,2,Pass,ButtonPressEvent_Duration10s_000105.mp4,Trip_2.0_GOPR3971.LRV,00:17:40.771000,1053729,105.0,Yes,4WD,Intersection Related,No,No,,2017-07-11T23:07:37Z,-37.799383,144.936437
106,Correct,44,2,Pass,ButtonPressEvent_Duration10s_000106.mp4,Trip_2.1_GP013971.LRV,00:00:02.230000,1057329,150.0,Yes,4WD,MidBlock,No,No,,2017-07-11T23:07:42Z,-37.799475,144.936811
107,Correct,44,7,Pass,ButtonPressEvent_Duration10s_000107.mp4,Trip_7.0_GOPR3976.LRV,00:11:22.990000,677129,168.0,Yes,Sedan,MidBlock,No,No,,2017-07-17T22:46:09Z,-37.800822,144.908351
108,Correct,44,2,Pass,ButtonPressEvent_Duration10s_000108.mp4,Trip_2.1_GP013971.LRV,00:01:36.293000,1151329,208.0,Yes,Other,Intersection Related,No,No,,2017-07-11T23:09:15Z,-37.800133,144.943676
109,Correct,44,9,Pass,ButtonPressEvent_Duration10s_000109.mp4,Trip_9.1_GP013978.LRV,00:04:14.537000,1306730,255.0,Yes,Other,Intersection Related,No,No,,2017-07-19T23:08:45Z,-37.800243,144.944017
110,Correct,47,3,Pass,ButtonPressEvent_Duration10s_000110.mp4,Trip_3.1_GP014726.LRV,00:08:42.873000,1576482,45.5,Yes,4WD,MidBlock,No,No,,2017-07-23T22:31:00Z,-37.952164,145.003838
111,Correct,47,3,Pass,ButtonPressEvent_Duration10s_000111.mp4,Trip_3.1_GP014726.LRV,00:13:51.830000,1884487,86.5,Yes,4WD,MidBlock,No,No,,2017-07-23T22:36:09Z,-37.930116,144.991426
112,Correct,47,3,Pass,ButtonPressEvent_Duration10s_000112.mp4,Trip_3.1_GP014726.LRV,00:10:52.590000,1705582,106.5,Yes,Sedan,MidBlock,No,No,,2017-07-23T22:33:10Z,-37.943338,145.00099
113,Correct,48,9,Pass,ButtonPressEvent_Duration10s_000113.mp4,Trip_9.1_GP012143.LRV,00:03:21.678000,1255231,46.5,Yes,Sedan,Intersection Related,Yes,No,,2017-07-18T07:09:03Z,-37.794498,145.000745
114,Correct,48,8,Pass,ButtonPressEvent_Duration10s_000114.mp4,Trip_8.0_GOPR2142.LRV,00:01:47.395000,99119,69.5,Yes,Sedan,MidBlock,Yes,No,,2017-07-17T23:06:22Z,-37.796063,144.998627
115,Correct,48,9,Pass,ButtonPressEvent_Duration10s_000115.mp4,Trip_9.0_GOPR2143.LRV,00:16:44.505000,995831,72.5,Yes,4WD,MidBlock,Yes,Yes,,2017-07-18T07:04:44Z,-37.804836,144.996799
116,Correct,48,2,Pass,ButtonPressEvent_Duration10s_000116.mp4,Trip_2.0_GOPR2136.LRV,00:06:29.314000,382319,88.5,Yes,Sedan,MidBlock,Yes,No,,2017-07-15T03:41:46Z,-37.80261,144.997223
117,Correct,48,6,Pass,ButtonPressEvent_Duration10s_000117.mp4,Trip_6.0_GOPR2140.LRV,00:03:32.798000,194019,90.5,Yes,Sedan,MidBlock,Yes,No,,2017-07-16T22:14:05Z,-37.796887,144.997522
118,Correct,48,7,Pass,ButtonPressEvent_Duration10s_000118.mp4,Trip_7.1_GP012141.LRV,00:04:43.733000,1338731,142.5,Yes,Other,MidBlock,No,No,,2017-07-17T07:01:10Z,-37.796019,144.999934
119,Correct,50,6,Pass,ButtonPressEvent_Duration10s_000119.mp4,Trip_6.0_GOPR2523.LRV,00:05:35.740000,300923,83.0,Yes,4WD,MidBlock,Yes,Yes,,2017-07-24T22:23:08Z,-37.881325,145.01573
120,Correct,50,5,Pass,ButtonPressEvent_Duration10s_000120.mp4,Trip_5.1_GP012522.LRV,00:05:59.367000,1131852,84.0,Yes,Sedan,MidBlock,Yes,No,,2017-07-24T06:25:24Z,-37.862273,144.972833
121,Correct,50,2,Pass,ButtonPressEvent_Duration10s_000121.mp4,Trip_2.0_GOPR2518.LRV,00:13:41.160000,801732,86.5,Yes,4WD,MidBlock,No,No,,2017-07-21T00:00:28Z,-37.898171,144.993025
122,Correct,50,2,Pass,ButtonPressEvent_Duration10s_000122.mp4,Trip_2.1_GP012518.LRV,00:14:06.651000,1889042,91.5,Yes,Taxi,MidBlock,No,No,,2017-07-21T00:18:36Z,-37.959515,145.010368
123,Correct,50,3,Pass,ButtonPressEvent_Duration10s_000123.mp4,Trip_3.0_GOPR2520.LRV,00:12:56.149000,773523,96.0,Yes,4WD,Intersection Related,No,No,,2017-07-22T23:03:05Z,-37.90433,145.043817
124,Correct,50,2,Pass,ButtonPressEvent_Duration10s_000124.mp4,Trip_2.0_GOPR2518.LRV,00:12:07.754000,708532,102.5,Yes,Sedan,MidBlock,No,Yes,,2017-07-20T23:58:55Z,-37.899103,145.000782
125,Correct,50,1,Pass,ButtonPressEvent_Duration10s_000125.mp4,Trip_1.1_GP012510.LRV,00:14:54.947000,2015733,105.0,Yes,Truck,MidBlock,Yes,No,,2017-07-19T00:36:31Z,-37.930927,145.018487
126,Correct,50,3,Pass,ButtonPressEvent_Duration10s_000126.mp4,Trip_3.0_GOPR2520.LRV,00:11:18.784000,676223,106.0,Yes,Sedan,Intersection Related,No,No,,2017-07-22T23:01:28Z,-37.903825,145.039555
127,Correct,50,6,Pass,ButtonPressEvent_Duration10s_000127.mp4,Trip_6.0_GOPR2523.LRV,00:14:51.530000,856532,108.0,Yes,4WD,MidBlock,No,Yes,,2017-07-24T22:32:25Z,-37.859117,145.020095
128,Correct,50,6,Pass,ButtonPressEvent_Duration10s_000128.mp4,Trip_6.1_GP012523.LRV,00:01:24.624000,1112332,109.0,Yes,Sedan,MidBlock,No,Yes,,2017-07-24T22:36:40Z,-37.85011,145.021525
129,Correct,50,3,Pass,ButtonPressEvent_Duration10s_000129.mp4,Trip_3.1_GP012520.LRV,00:02:58.768000,1238233,110.0,Yes,Sedan,MidBlock,Yes,Yes,,2017-07-22T23:10:51Z,-37.898418,145.064893
130,Correct,50,2,Pass,ButtonPressEvent_Duration10s_000130.mp4,Trip_2.0_GOPR2518.LRV,00:07:57.779000,458723,112.5,Yes,Sedan,MidBlock,Yes,No,,2017-07-20T23:54:45Z,-37.89589,145.013095
131,Correct,50,7,Pass,ButtonPressEvent_Duration10s_000131.mp4,Trip_7.2_GP022524.LRV,00:00:57.717000,2101733,113.0,Yes,Sedan,MidBlock,No,No,,2017-07-25T01:14:09Z,-37.823763,144.940526
132,Correct,50,5,Pass,ButtonPressEvent_Duration10s_000132.mp4,Trip_5.1_GP012522.LRV,00:06:33.289000,1165752,117.0,Yes,Truck,MidBlock,Yes,No,,2017-07-24T06:25:59Z,-37.864955,144.972563
133,Correct,50,3,Pass,ButtonPressEvent_Duration10s_000133.mp4,Trip_3.2_GP022520.LRV,00:02:17.281000,2257933,118.0,Yes,Other,MidBlock,Yes,No,,,,
134,Correct,50,2,Pass,ButtonPressEvent_Duration10s_000134.mp4,Trip_2.0_GOPR2518.LRV,00:06:15.411000,356423,120.5,Yes,Sedan,MidBlock,Yes,Yes,,2017-07-20T23:53:03Z,-37.89128,145.013971
135,Correct,50,3,Pass,ButtonPressEvent_Duration10s_000135.mp4,Trip_3.1_GP012520.LRV,00:04:42.938000,1342333,122.0,Yes,Sedan,MidBlock,Yes,No,,2017-07-22T23:12:34Z,-37.893318,145.065847
136,Correct,50,6,Pass,ButtonPressEvent_Duration10s_000136.mp4,Trip_6.1_GP012523.LRV,00:01:40.534000,1128232,127.0,Yes,4WD,MidBlock,No,No,,2017-07-24T22:36:57Z,-37.849125,145.021715
137,Correct,50,7,Pass,ButtonPressEvent_Duration10s_000137.mp4,Trip_7.3_GP032524.LRV,00:00:25.422000,3131152,130.0,Yes,4WD,MidBlock,Yes,No,,2017-07-25T01:31:18Z,-37.843597,144.939053
138,Correct,50,1,Pass,ButtonPressEvent_Duration10s_000138.mp4,Trip_1.1_GP012510.LRV,00:01:00.190000,1181532,132.0,Yes,Sedan,MidBlock,No,No,,2017-07-19T00:22:37Z,-37.903249,144.988534
139,Correct,50,7,Pass,ButtonPressEvent_Duration10s_000139.mp4,Trip_7.3_GP032524.LRV,00:02:20.199000,3245852,135.0,Yes,Sedan,MidBlock,Yes,No,,2017-07-25T01:33:13Z,-37.847381,144.947897
140,Correct,50,2,Pass,ButtonPressEvent_Duration10s_000140.mp4,Trip_2.0_GOPR2518.LRV,00:11:19.122000,659932,139.5,Yes,4WD,MidBlock,No,No,,2017-07-20T23:58:06Z,-37.899602,145.00415
141,Correct,50,6,Pass,ButtonPressEvent_Duration10s_000141.mp4,Trip_6.0_GOPR2523.LRV,00:17:17.150000,1002532,148.0,Yes,4WD,MidBlock,No,No,,2017-07-24T22:34:50Z,-37.852717,145.021118
142,Correct,50,6,Pass,ButtonPressEvent_Duration10s_000142.mp4,Trip_6.1_GP012523.LRV,00:12:19.161000,1766433,149.0,Yes,4WD,MidBlock,No,Yes,,2017-07-24T22:47:35Z,-37.826788,145.01874
143,Correct,50,1,Pass,ButtonPressEvent_Duration10s_000143.mp4,Trip_1.1_GP012510.LRV,00:12:50.764000,1891633,158.0,Yes,Truck,MidBlock,Yes,No,,2017-07-19T00:34:27Z,-37.929715,145.008163
144,Correct,50,2,Pass,ButtonPressEvent_Duration10s_000144.mp4,Trip_2.2_GP022518.LRV,00:10:54.864000,2758542,173.5,Yes,Sedan,MidBlock,No,No,,2017-07-21T00:33:05Z,-37.986516,145.054954
145,Correct,51,3,Pass,ButtonPressEvent_Duration10s_000145.mp4,Trip_3.1_GP010037.LRV,00:13:28.572000,1858667,69.0,Yes,Sedan,MidBlock,No,No,,2017-07-21T07:46:31Z,-37.766111,145.04574
146,Correct,51,7,Pass,ButtonPressEvent_Duration10s_000146.mp4,Trip_7.0_GOPR0044.LRV,00:10:13.390000,597830,127.0,Yes,Sedan,MidBlock,Yes,Yes,,2017-07-26T21:27:08Z,-37.718044,145.075436
147,Correct,52,3,Pass,ButtonPressEvent_Duration10s_000147.mp4,Trip_3.2_GP020047.LRV,00:14:34.554000,2988763,55.0,Yes,Other,MidBlock,No,No,,2017-07-24T20:32:19Z,-37.903274,145.336744
148,Correct,52,7,Pass,ButtonPressEvent_Duration10s_000148.mp4,Trip_7.1_GP010051.LRV,00:07:16.559000,1488631,94.0,Yes,Other,MidBlock,No,No,,2017-07-27T07:59:10Z,-37.840895,145.300609
149,Correct,52,7,Pass,ButtonPressEvent_Duration10s_000149.mp4,Trip_7.0_GOPR0051.LRV,00:09:47.785000,578319,98.0,Yes,Other,MidBlock,No,No,,2017-07-27T07:44:01Z,-37.790663,145.312128
150,Correct,52,7,Pass,ButtonPressEvent_Duration10s_000150.mp4,Trip_7.3_GP030051.LRV,00:01:44.300000,3279137,100.0,Yes,4WD,MidBlock,No,No,,2017-07-27T08:29:02Z,-37.91265,145.246931
151,Correct,52,7,Pass,ButtonPressEvent_Duration10s_000151.mp4,Trip_7.1_GP010051.LRV,00:14:50.262000,1942031,140.0,Yes,Truck,MidBlock,Yes,No,,2017-07-27T08:05:25Z,-37.861815,145.299813
152,Correct,55,8,Pass,ButtonPressEvent_Duration10s_000152.mp4,Trip_8.0_GOPR2158.LRV,00:04:51.100000,286719,55.0,Yes,4WD,MidBlock,No,No,,2017-07-27T22:34:32Z,-37.806475,144.955884
153,Correct,55,9,Pass,ButtonPressEvent_Duration10s_000153.mp4,Trip_9.1_GP012159.LRV,00:05:33.533000,1381032,68.0,Yes,Sedan,MidBlock,Yes,No,,2017-07-28T07:44:26Z,-37.812845,144.956838
154,Correct,55,1,Pass,ButtonPressEvent_Duration10s_000154.mp4,Trip_1.1_GP012151.LRV,00:03:35.845000,1266820,79.0,Yes,Sedan,Intersection Related,No,No,,2017-07-24T07:51:19Z,-37.819669,144.959908
155,Correct,55,5,Pass,ButtonPressEvent_Duration10s_000155.mp4,Trip_5.1_GP012155.LRV,00:00:05.610000,1063031,83.0,Yes,Sedan,MidBlock,No,No,,2017-07-26T07:54:32Z,-37.82153,144.961374
156,Correct,55,9,Pass,ButtonPressEvent_Duration10s_000156.mp4,Trip_9.1_GP012159.LRV,00:08:09.136000,1536532,92.0,Yes,Sedan,Intersection Related,No,No,,2017-07-28T07:47:01Z,-37.806015,144.95584
157,Correct,56,2,Pass,ButtonPressEvent_Duration10s_000157.mp4,Trip_2.1_GP013982.LRV,00:09:28.740000,1618529,47.5,Yes,Sedan,Intersection Related,No,No,,,,
158,Correct,56,2,Pass,ButtonPressEvent_Duration10s_000158.mp4,Trip_2.1_GP013982.LRV,00:12:49.508000,1819829,86.5,Yes,4WD,MidBlock,No,No,,2017-07-24T22:41:19Z,-37.84999,145.091852
159,Correct,56,3,Pass,ButtonPressEvent_Duration10s_000159.mp4,Trip_3.1_GP013983.LRV,00:04:06.499000,1266229,90.5,Yes,Sedan,Intersection Related,No,No,,,,
160,Correct,57,3,Pass,ButtonPressEvent_Duration10s_000160.mp4,Trip_3.0_GOPR4731.LRV,00:08:58.774000,527382,46.5,Yes,Sedan,MidBlock,Yes,Yes,,2017-07-26T07:57:53Z,-37.835497,144.975368
161,Correct,57,1,Pass,ButtonPressEvent_Duration10s_000161.mp4,Trip_1.0_GOPR4729.LRV,00:03:40.213000,208864,59.5,Yes,Sedan,MidBlock,Yes,Yes,,,,
162,Correct,57,3,Pass,ButtonPressEvent_Duration10s_000162.mp4,Trip_3.0_GOPR4731.LRV,00:09:07.790000,535682,90.5,Yes,4WD,MidBlock,No,No,,2017-07-26T07:58:02Z,-37.835103,144.975043
163,Correct,58,4,Pass,ButtonPressEvent_Duration10s_000163.mp4,Trip_4.0_GOPR2988.LRV,00:04:32.179000,261465,10.0,Yes,Other,MidBlock,No,No,,2017-07-30T21:25:15Z,-37.770826,145.011568
164,Correct,58,10,Pass,ButtonPressEvent_Duration10s_000164.mp4,Trip_10.0_GOPR2994.LRV,00:05:35.983000,328724,73.0,Yes,4WD,MidBlock,No,No,,2017-08-02T03:40:39Z,-37.797334,144.97059
165,Correct,58,8,Pass,ButtonPressEvent_Duration10s_000165.mp4,Trip_8.0_GOPR2992.LRV,00:11:27.155000,679132,86.0,Yes,4WD,MidBlock,Yes,Yes,,2017-08-01T04:44:38Z,-37.793749,144.988272
166,Correct,58,4,Pass,ButtonPressEvent_Duration10s_000166.mp4,Trip_4.0_GOPR2988.LRV,00:11:36.465000,685468,87.0,Yes,Other,MidBlock,No,No,,2017-07-30T21:32:19Z,-37.767253,144.979611
167,Correct,58,7,Pass,ButtonPressEvent_Duration10s_000167.mp4,Trip_7.1_GP012991.LRV,00:05:57.434000,1411053,88.0,Yes,Truck,MidBlock,No,No,,2017-08-01T00:33:56Z,-37.807126,144.966839
168,Correct,58,8,Pass,ButtonPressEvent_Duration10s_000168.mp4,Trip_8.0_GOPR2992.LRV,00:06:35.252000,387424,90.0,Yes,4WD,MidBlock,Yes,Yes,,2017-08-01T04:39:47Z,-37.797611,144.97227
169,Correct,58,4,Pass,ButtonPressEvent_Duration10s_000169.mp4,Trip_4.0_GOPR2988.LRV,00:05:12.806000,302065,96.0,Yes,Sedan,MidBlock,No,No,,2017-07-30T21:25:56Z,-37.770401,145.007982
170,Correct,58,2,Pass,ButtonPressEvent_Duration10s_000170.mp4,Trip_2.0_GOPR2985.LRV,00:10:03.300000,596023,98.0,Yes,Truck,MidBlock,Yes,No,,2017-07-28T03:28:30Z,-37.786365,144.997698
171,Correct,58,9,Pass,ButtonPressEvent_Duration10s_000171.mp4,Trip_9.0_GOPR2993.LRV,00:11:37.610000,688732,98.0,Yes,Truck,MidBlock,No,Yes,,2017-08-02T00:03:35Z,-37.789058,144.990322
172,Correct,58,9,Pass,ButtonPressEvent_Duration10s_000172.mp4,Trip_9.0_GOPR2993.LRV,00:09:58.996000,590732,110.0,Yes,Truck,MidBlock,Yes,Yes,,2017-08-02T00:01:57Z,-37.786971,144.995997
173,Correct,58,4,Pass,ButtonPressEvent_Duration10s_000173.mp4,Trip_4.0_GOPR2988.LRV,00:07:34.201000,443365,111.0,Yes,Sedan,MidBlock,No,No,,2017-07-30T21:28:17Z,-37.769325,144.998976
174,Correct,58,3,Pass,ButtonPressEvent_Duration10s_000174.mp4,Trip_3.0_GOPR2986.LRV,00:16:24.153000,976832,116.0,Yes,Other,MidBlock,No,No,,2017-07-28T05:37:01Z,-37.784192,145.011423
175,Correct,58,6,Pass,ButtonPressEvent_Duration10s_000175.mp4,Trip_6.0_GOPR2990.LRV,00:05:07.760000,219923,116.0,Yes,Sedan,MidBlock,No,No,,2017-07-31T10:35:18Z,-37.666535,144.947429
176,Correct,58,10,Pass,ButtonPressEvent_Duration10s_000176.mp4,Trip_10.0_GOPR2994.LRV,00:15:02.561000,894924,117.0,Yes,Sedan,MidBlock,No,No,,,,
177,Correct,58,7,Pass,ButtonPressEvent_Duration10s_000177.mp4,Trip_7.0_GOPR2991.LRV,00:04:53.540000,285024,120.0,Yes,Sedan,MidBlock,Yes,No,,2017-08-01T00:15:10Z,-37.783557,145.016637
178,Correct,58,4,Pass,ButtonPressEvent_Duration10s_000178.mp4,Trip_4.0_GOPR2988.LRV,00:09:31.482000,560568,122.0,Yes,Other,MidBlock,No,No,,2017-07-30T21:30:15Z,-37.768342,144.990911
179,Correct,58,10,Pass,ButtonPressEvent_Duration10s_000179.mp4,Trip_10.0_GOPR2994.LRV,00:15:39.685000,932024,122.0,Yes,Other,MidBlock,No,No,,,,
180,Correct,58,10,Pass,ButtonPressEvent_Duration10s_000180.mp4,Trip_10.0_GOPR2994.LRV,00:15:25.176000,917524,125.0,Yes,Sedan,MidBlock,No,No,,,,
181,Correct,58,9,Pass,ButtonPressEvent_Duration10s_000181.mp4,Trip_9.0_GOPR2993.LRV,00:12:15.487000,727132,129.0,Yes,4WD,MidBlock,No,No,,2017-08-02T00:04:13Z,-37.790243,144.987301
182,Correct,58,10,Pass,ButtonPressEvent_Duration10s_000182.mp4,Trip_10.0_GOPR2994.LRV,00:16:19.712000,972024,131.0,Yes,Sedan,MidBlock,No,No,,,,
183,Correct,58,7,Pass,ButtonPressEvent_Duration10s_000183.mp4,Trip_7.0_GOPR2991.LRV,00:08:55.115000,526924,135.0,Yes,Truck,MidBlock,Yes,No,,2017-08-01T00:19:12Z,-37.786436,144.997468
184,Correct,58,11,Pass,ButtonPressEvent_Duration10s_000184.mp4,Trip_11.0_GOPR2995.LRV,00:06:24.836000,377314,137.0,Yes,4WD,MidBlock,No,Yes,,2017-08-03T00:12:16Z,-37.783525,145.016874
185,Correct,58,10,Pass,ButtonPressEvent_Duration10s_000185.mp4,Trip_10.0_GOPR2994.LRV,00:15:07.864000,900224,143.0,Yes,Sedan,MidBlock,No,No,,,,
186,Correct,58,7,Pass,ButtonPressEvent_Duration10s_000186.mp4,Trip_7.0_GOPR2991.LRV,00:09:11.226000,543024,153.0,Yes,Other,MidBlock,No,No,,2017-08-01T00:19:28Z,-37.786785,144.996467
187,Correct,59,10,Pass,ButtonPressEvent_Duration10s_000187.mp4,Trip_10.0_GOPR0197.LRV,00:14:27.668000,851950,79.5,Yes,Sedan,MidBlock,No,No,,2017-08-01T21:01:53Z,-37.817821,144.992442
188,Correct,60,7,Pass,ButtonPressEvent_Duration10s_000188.mp4,Trip_7.0_GOPR2540.LRV,00:05:21.740000,315424,67.5,Yes,4WD,MidBlock,Yes,No,,2017-07-31T22:42:12Z,-37.827921,145.00215
189,Correct,60,11,Pass,ButtonPressEvent_Duration10s_000189.mp4,Trip_11.1_GP012544.LRV,00:11:53.341000,1769351,71.5,Yes,Sedan,MidBlock,No,No,,2017-08-02T07:47:25Z,-37.82453,144.988825
190,Correct,60,13,Pass,ButtonPressEvent_Duration10s_000190.mp4,Trip_13.0_GOPR2546.LRV,00:02:54.873000,165723,94.5,Yes,Sedan,MidBlock,No,No,,2017-08-03T22:35:10Z,-37.826037,145.001227
191,Correct,60,6,Pass,ButtonPressEvent_Duration10s_000191.mp4,Trip_6.0_GOPR2539.LRV,00:13:15.650000,789614,98.5,Yes,Sedan,MidBlock,Yes,Yes,,2017-07-31T08:25:46Z,-37.81973,145.003677
192,Correct,60,7,Pass,ButtonPressEvent_Duration10s_000192.mp4,Trip_7.0_GOPR2540.LRV,00:14:21.443000,855433,99.5,Yes,Sedan,MidBlock,Yes,No,,2017-07-31T22:51:05Z,-37.829835,144.984557
193,Correct,60,3,Pass,ButtonPressEvent_Duration10s_000193.mp4,Trip_3.0_GOPR2529.LRV,00:13:37.345000,811134,102.5,Yes,Sedan,Intersection Related,No,No,,2017-07-28T06:15:55Z,-37.824465,144.988494
194,Correct,60,12,Pass,ButtonPressEvent_Duration10s_000194.mp4,Trip_12.0_GOPR2545.LRV,00:02:34.432000,147923,119.5,Yes,Sedan,MidBlock,No,No,,2017-08-02T22:27:39Z,-37.826116,145.001945
195,Correct,60,6,Pass,ButtonPressEvent_Duration10s_000195.mp4,Trip_6.0_GOPR2539.LRV,00:08:34.463000,508614,127.5,Yes,Sedan,MidBlock,No,No,,2017-07-31T08:21:06Z,-37.81345,144.995433
196,Correct,61,6,Pass,ButtonPressEvent_Duration10s_000196.mp4,Trip_6.0_GOPR0054.LRV,00:12:28.631000,731863,80.0,Yes,Taxi,MidBlock,Yes,No,,2017-08-02T19:24:16Z,-37.900729,145.014513
197,Correct,61,4,Pass,ButtonPressEvent_Duration10s_000197.mp4,Trip_4.0_GOPR0051.LRV,00:13:13,778931,83.0,Yes,Sedan,MidBlock,Yes,No,,2017-08-01T22:01:03Z,-37.902207,145.0257
198,Correct,61,5,Pass,ButtonPressEvent_Duration10s_000198.mp4,Trip_5.1_GP010053.LRV,00:06:58.924000,1465431,94.0,Yes,Other,MidBlock,No,No,,2017-08-02T08:05:53Z,-37.847175,144.996432
199,Correct,61,4,Pass,ButtonPressEvent_Duration10s_000199.mp4,Trip_4.1_GP010051.LRV,00:02:34.739000,1202531,97.0,Yes,Sedan,MidBlock,No,No,,2017-08-01T22:08:07Z,-37.893429,145.003271
200,Correct,61,4,Pass,ButtonPressEvent_Duration10s_000200.mp4,Trip_4.0_GOPR0051.LRV,00:13:35.515000,801431,98.0,Yes,Sedan,MidBlock,No,No,,2017-08-01T22:01:25Z,-37.901951,145.023676
201,Correct,61,10,Pass,ButtonPressEvent_Duration10s_000201.mp4,Trip_10.0_GOPR0059.LRV,00:05:44.250000,331319,102.0,Yes,Sedan,Intersection Related,No,No,,2017-08-05T02:34:44Z,-37.900849,145.015514
202,Correct,61,5,Pass,ButtonPressEvent_Duration10s_000202.mp4,Trip_5.2_GP020053.LRV,00:17:27.220000,3154531,104.0,Yes,Other,Intersection Related,No,No,,2017-08-02T08:34:02Z,-37.885055,145.057841
203,Correct,61,11,Pass,ButtonPressEvent_Duration10s_000203.mp4,Trip_11.0_GOPR0060.LRV,00:02:37.927000,143721,106.0,Yes,Truck,MidBlock,Yes,No,,2017-08-07T21:26:59Z,-37.872775,144.976444
204,Correct,61,11,Pass,ButtonPressEvent_Duration10s_000204.mp4,Trip_11.1_GP010060.LRV,00:03:00.917000,1228132,106.0,Yes,Sedan,MidBlock,No,No,,2017-08-07T21:45:03Z,-37.856838,144.979297
205,Correct,61,4,Pass,ButtonPressEvent_Duration10s_000205.mp4,Trip_4.2_GP020051.LRV,00:05:29.148000,2438245,108.0,Yes,Sedan,MidBlock,Yes,No,,2017-08-01T22:28:43Z,-37.841186,144.971644
206,Correct,61,5,Pass,ButtonPressEvent_Duration10s_000206.mp4,Trip_5.1_GP010053.LRV,00:07:27.343000,1493831,112.0,Yes,4WD,MidBlock,No,No,,2017-08-02T08:06:21Z,-37.847588,144.998683
207,Correct,61,4,Pass,ButtonPressEvent_Duration10s_000207.mp4,Trip_4.0_GOPR0051.LRV,00:13:46.222000,812131,114.0,Yes,Sedan,MidBlock,Yes,No,,2017-08-01T22:01:36Z,-37.901815,145.022523
208,Correct,61,4,Pass,ButtonPressEvent_Duration10s_000208.mp4,Trip_4.0_GOPR0051.LRV,00:10:40.899000,626931,120.0,Yes,Other,MidBlock,No,No,,2017-08-01T21:58:31Z,-37.903268,145.034882
209,Correct,61,4,Pass,ButtonPressEvent_Duration10s_000209.mp4,Trip_4.0_GOPR0051.LRV,00:13:06.796000,772731,139.0,Yes,Other,Intersection Related,No,No,,2017-08-01T22:00:56Z,-37.902254,145.026066
210,Correct,62,7,Pass,ButtonPressEvent_Duration10s_000210.mp4,Trip_7.1_GP010062.LRV,00:08:15.593000,1540930,58.0,Yes,4WD,MidBlock,No,No,,2017-08-07T22:02:56Z,-37.990688,145.143793
211,Correct,62,3,Pass,ButtonPressEvent_Duration10s_000211.mp4,Trip_3.1_GP010058.LRV,00:05:35.749000,1389657,68.0,Yes,Sedan,MidBlock,No,No,,2017-08-01T07:45:21Z,-37.976636,145.147426
212,Correct,62,7,Pass,ButtonPressEvent_Duration10s_000212.mp4,Trip_7.1_GP010062.LRV,00:09:14.633000,1599930,99.0,Yes,Sedan,MidBlock,No,No,,2017-08-07T22:03:55Z,-37.98773,145.145063
213,Correct,62,3,Pass,ButtonPressEvent_Duration10s_000213.mp4,Trip_3.1_GP010058.LRV,00:11:28.184000,1741857,105.0,Yes,Other,MidBlock,No,No,,2017-08-01T07:51:13Z,-37.990519,145.141049
214,Correct,62,4,Pass,ButtonPressEvent_Duration10s_000214.mp4,Trip_4.1_GP010059.LRV,00:06:57.692000,1471145,113.0,Yes,Other,MidBlock,No,No,,2017-08-01T21:46:13Z,-37.990158,145.139418
215,Correct,62,4,Pass,ButtonPressEvent_Duration10s_000215.mp4,Trip_4.1_GP010059.LRV,00:12:32.415000,1805645,150.0,Yes,Sedan,MidBlock,No,No,,2017-08-01T21:51:48Z,-37.980392,145.146511
216,Correct,63,9,Pass,ButtonPressEvent_Duration10s_000216.mp4,Trip_9.0_GOPR9794.LRV,00:14:32.271000,857619,75.0,Yes,Sedan,MidBlock,Yes,No,,2017-08-09T06:58:32Z,-37.829975,144.971148
217,Correct,63,1,Pass,ButtonPressEvent_Duration10s_000217.mp4,Trip_1.0_GOPR7384.LRV,00:07:08.269000,419719,82.0,Yes,Taxi,MidBlock,Yes,No,,2017-08-02T06:52:02Z,-37.840929,144.977036
218,Correct,63,1,Pass,ButtonPressEvent_Duration10s_000218.mp4,Trip_1.0_GOPR7384.LRV,00:10:02.960000,593430,82.0,Yes,4WD,MidBlock,Yes,No,,2017-08-02T06:54:55Z,-37.835266,144.974666
219,Correct,63,7,Pass,ButtonPressEvent_Duration10s_000219.mp4,Trip_7.0_GOPR9226.LRV,00:07:44.761000,453619,96.0,Yes,Sedan,MidBlock,Yes,Yes,,2017-08-07T07:17:51Z,-37.849015,144.980115
220,Correct,63,12,Pass,ButtonPressEvent_Duration10s_000220.mp4,Trip_12.0_GOPR0667.LRV,00:13:16.991000,787356,96.0,Yes,4WD,MidBlock,Yes,Yes,,2017-08-11T09:41:36Z,-37.839583,144.976857
221,Correct,63,12,Pass,ButtonPressEvent_Duration10s_000221.mp4,Trip_12.1_GP010667.LRV,00:03:28.620000,1260256,101.0,Yes,Sedan,MidBlock,No,Yes,,2017-08-11T09:49:29Z,-37.858169,144.982831
222,Correct,63,7,Pass,ButtonPressEvent_Duration10s_000222.mp4,Trip_7.0_GOPR9226.LRV,00:04:25.221000,254212,106.0,Yes,Sedan,MidBlock,Yes,No,,,,
223,Correct,63,14,Pass,ButtonPressEvent_Duration10s_000223.mp4,Trip_14.1_GP011174.LRV,00:02:24.892000,1191662,115.0,Yes,Sedan,MidBlock,Yes,Yes,,2017-08-14T10:12:47Z,-37.85665,144.983219
224,Correct,63,10,Pass,ButtonPressEvent_Duration10s_000224.mp4,Trip_10.0_GOPR0095.LRV,00:07:14.510000,421119,118.0,Yes,Sedan,MidBlock,Yes,No,,2017-08-09T09:58:34Z,-37.826256,144.971478
